,inning,batting_team,bowling_team,batsman,bowler,batsman_name,bowler_name,ovr,runs_batter,runs_w_extras,extras,x,y,z,cumul_runs,wicket,wicket_method,who_out
0,1,India,Pakistan,28763,41411,Gautam Gambhir,Mohammad Asif,0.1,1.0,1.0,0.0,218.0,241.0,4.0,1.0,False,,
1,1,India,Pakistan,32498,41411,Yusuf Pathan,Mohammad Asif,0.2,1.0,1.0,0.0,161.0,124.0,8.0,2.0,False,,
2,1,India,Pakistan,28763,41411,Gautam Gambhir,Mohammad Asif,0.3,1.0,1.0,0.0,130.0,231.0,5.0,3.0,False,,
3,1,India,Pakistan,32498,41411,Yusuf Pathan,Mohammad Asif,0.4,6.0,6.0,0.0,222.0,361.0,4.0,9.0,False,,
4,1,India,Pakistan,32498,41411,Yusuf Pathan,Mohammad Asif,0.5,3.0,3.0,0.0,323.0,253.0,3.0,12.0,False,,
5,1,India,Pakistan,28763,41411,Gautam Gambhir,Mohammad Asif,0.6,0.0,1.0,1.0,0.0,0.0,0.0,13.0,False,,
6,1,India,Pakistan,28763,41411,Gautam Gambhir,Mohammad Asif,0.6,0.0,0.0,0.0,0.0,0.0,0.0,13.0,False,,
7,1,India,Pakistan,32498,43265,Yusuf Pathan,Sohail Tanvir,1.1,1.0,1.0,0.0,145.0,248.0,5.0,14.0,False,,
8,1,India,Pakistan,28763,43265,Gautam Gambhir,Sohail Tanvir,1.2,0.0,1.0,1.0,0.0,0.0,0.0,15.0,False,,
9,1,India,Pakistan,28763,43265,Gautam Gambhir,Sohail Tanvir,1.2,4.0,4.0,0.0,138.0,13.0,8.0,19.0,False,,
10,1,India,Pakistan,28763,43265,Gautam Gambhir,Sohail Tanvir,1.3,0.0,0.0,0.0,0.0,0.0,0.0,19.0,False,,
11,1,India,Pakistan,28763,43265,Gautam Gambhir,Sohail Tanvir,1.4,1.0,1.0,0.0,114.0,158.0,7.0,20.0,False,,
12,1,India,Pakistan,32498,43265,Yusuf Pathan,Sohail Tanvir,1.5,0.0,0.0,0.0,0.0,0.0,0.0,20.0,False,,
13,1,India,Pakistan,32498,43265,Yusuf Pathan,Sohail Tanvir,1.6,0.0,0.0,0.0,127.0,142.0,7.0,20.0,False,,
14,1,India,Pakistan,28763,41411,Gautam Gambhir,Mohammad Asif,2.1,0.0,0.0,0.0,239.0,162.0,2.0,20.0,False,,
15,1,India,Pakistan,28763,41411,Gautam Gambhir,Mohammad Asif,2.2,1.0,1.0,0.0,229.0,240.0,4.0,21.0,False,,
16,1,India,Pakistan,32498,41411,Yusuf Pathan,Mohammad Asif,2.3,4.0,4.0,0.0,9.0,168.0,6.0,25.0,False,,
17,1,India,Pakistan,32498,41411,Yusuf Pathan,Mohammad Asif,2.4,0.0,0.0,0.0,286.0,242.0,3.0,25.0,True,caught,32498
18,1,India,Pakistan,28763,41411,Gautam Gambhir,Mohammad Asif,2.5,0.0,0.0,0.0,0.0,0.0,0.0,25.0,False,,
19,1,India,Pakistan,28763,41411,Gautam Gambhir,Mohammad Asif,2.6,1.0,1.0,0.0,122.0,170.0,6.0,26.0,False,,
20,1,India,Pakistan,28763,43265,Gautam Gambhir,Sohail Tanvir,3.1,1.0,1.0,0.0,136.0,31.0,8.0,27.0,False,,
21,1,India,Pakistan,35582,43265,Robin Uthappa,Sohail Tanvir,3.2,1.0,1.0,0.0,120.0,53.0,8.0,28.0,False,,
22,1,India,Pakistan,28763,43265,Gautam Gambhir,Sohail Tanvir,3.3,1.0,1.0,0.0,53.0,180.0,6.0,29.0,False,,
23,1,India,Pakistan,35582,43265,Robin Uthappa,Sohail Tanvir,3.4,1.0,1.0,0.0,132.0,171.0,6.0,30.0,False,,
24,1,India,Pakistan,28763,43265,Gautam Gambhir,Sohail Tanvir,3.5,1.0,1.0,0.0,112.0,164.0,7.0,31.0,False,,
25,1,India,Pakistan,35582,43265,Robin Uthappa,Sohail Tanvir,3.6,0.0,1.0,1.0,0.0,0.0,0.0,32.0,False,,
26,1,India,Pakistan,35582,43265,Robin Uthappa,Sohail Tanvir,3.6,1.0,1.0,0.0,153.0,185.0,6.0,33.0,False,,
27,1,India,Pakistan,35582,41411,Robin Uthappa,Mohammad Asif,4.1,0.0,0.0,0.0,192.0,185.0,4.0,33.0,False,,
28,1,India,Pakistan,35582,41411,Robin Uthappa,Mohammad Asif,4.2,4.0,4.0,0.0,73.0,319.0,5.0,37.0,False,,
29,1,India,Pakistan,35582,41411,Robin Uthappa,Mohammad Asif,4.3,1.0,1.0,0.0,115.0,178.0,6.0,38.0,False,,
30,1,India,Pakistan,28763,41411,Gautam Gambhir,Mohammad Asif,4.4,1.0,1.0,0.0,114.0,167.0,6.0,39.0,False,,
31,1,India,Pakistan,35582,41411,Robin Uthappa,Mohammad Asif,4.5,0.0,0.0,0.0,0.0,0.0,0.0,39.0,False,,
32,1,India,Pakistan,35582,41411,Robin Uthappa,Mohammad Asif,4.6,0.0,0.0,0.0,0.0,0.0,0.0,39.0,False,,
33,1,India,Pakistan,28763,43265,Gautam Gambhir,Sohail Tanvir,5.1,1.0,1.0,0.0,228.0,238.0,4.0,40.0,False,,
34,1,India,Pakistan,35582,43265,Robin Uthappa,Sohail Tanvir,5.2,0.0,0.0,0.0,128.0,143.0,7.0,40.0,False,,
35,1,India,Pakistan,35582,43265,Robin Uthappa,Sohail Tanvir,5.3,0.0,0.0,0.0,137.0,218.0,5.0,40.0,False,,
36,1,India,Pakistan,35582,43265,Robin Uthappa,Sohail Tanvir,5.4,0.0,0.0,0.0,111.0,216.0,6.0,40.0,False,,
37,1,India,Pakistan,36084,43265,Yuvraj Singh,Sohail Tanvir,5.5,0.0,0.0,0.0,128.0,188.0,6.0,40.0,False,,
38,1,India,Pakistan,36084,43265,Yuvraj Singh,Sohail Tanvir,5.6,0.0,0.0,0.0,249.0,162.0,2.0,40.0,False,,
39,1,India,Pakistan,28763,42639,Gautam Gambhir,Shahid Afridi,6.1,2.0,2.0,0.0,49.0,128.0,7.0,42.0,False,,
40,1,India,Pakistan,28763,42639,Gautam Gambhir,Shahid Afridi,6.2,0.0,0.0,0.0,0.0,0.0,0.0,42.0,False,,
41,1,India,Pakistan,28763,42639,Gautam Gambhir,Shahid Afridi,6.3,1.0,1.0,0.0,60.0,200.0,6.0,43.0,False,,
42,1,India,Pakistan,36084,42639,Yuvraj Singh,Shahid Afridi,6.4,1.0,1.0,0.0,217.0,116.0,1.0,44.0,False,,
43,1,India,Pakistan,28763,42639,Gautam Gambhir,Shahid Afridi,6.5,0.0,0.0,0.0,240.0,206.0,3.0,44.0,False,,
44,1,India,Pakistan,28763,42639,Gautam Gambhir,Shahid Afridi,6.6,1.0,1.0,0.0,240.0,147.0,2.0,45.0,False,,
45,1,India,Pakistan,28763,41434,Gautam Gambhir,Mohammad Hafeez,7.1,0.0,0.0,0.0,0.0,0.0,0.0,45.0,False,,
46,1,India,Pakistan,28763,41434,Gautam Gambhir,Mohammad Hafeez,7.2,4.0,4.0,0.0,348.0,137.0,2.0,49.0,False,,
47,1,India,Pakistan,28763,41434,Gautam Gambhir,Mohammad Hafeez,7.3,0.0,0.0,0.0,181.0,163.0,1.0,49.0,False,,
48,1,India,Pakistan,28763,41434,Gautam Gambhir,Mohammad Hafeez,7.4,1.0,1.0,0.0,250.0,167.0,3.0,50.0,False,,
49,1,India,Pakistan,36084,41434,Yuvraj Singh,Mohammad Hafeez,7.5,0.0,0.0,0.0,236.0,219.0,3.0,50.0,False,,
50,1,India,Pakistan,36084,41434,Yuvraj Singh,Mohammad Hafeez,7.6,0.0,0.0,0.0,163.0,198.0,5.0,50.0,False,,
51,1,India,Pakistan,28763,42639,Gautam Gambhir,Shahid Afridi,8.1,1.0,1.0,0.0,329.0,135.0,2.0,51.0,False,,
52,1,India,Pakistan,36084,42639,Yuvraj Singh,Shahid Afridi,8.2,1.0,1.0,0.0,230.0,297.0,4.0,52.0,False,,
53,1,India,Pakistan,28763,42639,Gautam Gambhir,Shahid Afridi,8.3,4.0,4.0,0.0,35.0,277.0,6.0,56.0,False,,
54,1,India,Pakistan,28763,42639,Gautam Gambhir,Shahid Afridi,8.4,1.0,1.0,0.0,335.0,174.0,3.0,57.0,False,,
55,1,India,Pakistan,36084,42639,Yuvraj Singh,Shahid Afridi,8.5,0.0,0.0,0.0,0.0,0.0,0.0,57.0,False,,
56,1,India,Pakistan,36084,42639,Yuvraj Singh,Shahid Afridi,8.6,1.0,1.0,0.0,81.0,180.0,6.0,58.0,False,,
57,1,India,Pakistan,36084,41434,Yuvraj Singh,Mohammad Hafeez,9.1,0.0,0.0,0.0,244.0,212.0,3.0,58.0,False,,
58,1,India,Pakistan,36084,41434,Yuvraj Singh,Mohammad Hafeez,9.2,1.0,1.0,0.0,114.0,207.0,6.0,59.0,False,,
59,1,India,Pakistan,28763,41434,Gautam Gambhir,Mohammad Hafeez,9.3,4.0,4.0,0.0,345.0,244.0,3.0,63.0,False,,
60,1,India,Pakistan,28763,41434,Gautam Gambhir,Mohammad Hafeez,9.4,2.0,2.0,0.0,318.0,135.0,2.0,65.0,False,,
61,1,India,Pakistan,28763,41434,Gautam Gambhir,Mohammad Hafeez,9.5,0.0,0.0,0.0,243.0,156.0,2.0,65.0,False,,
62,1,India,Pakistan,28763,41434,Gautam Gambhir,Mohammad Hafeez,9.6,4.0,4.0,0.0,329.0,274.0,3.0,69.0,False,,
63,1,India,Pakistan,36084,42639,Yuvraj Singh,Shahid Afridi,10.1,0.0,0.0,0.0,193.0,191.0,4.0,69.0,False,,
64,1,India,Pakistan,36084,42639,Yuvraj Singh,Shahid Afridi,10.2,1.0,1.0,0.0,116.0,178.0,6.0,70.0,False,,
65,1,India,Pakistan,28763,42639,Gautam Gambhir,Shahid Afridi,10.3,0.0,1.0,1.0,0.0,0.0,0.0,71.0,False,,
66,1,India,Pakistan,36084,42639,Yuvraj Singh,Shahid Afridi,10.4,4.0,4.0,0.0,243.0,345.0,4.0,75.0,False,,
67,1,India,Pakistan,36084,42639,Yuvraj Singh,Shahid Afridi,10.5,1.0,1.0,0.0,328.0,146.0,2.0,76.0,False,,
68,1,India,Pakistan,28763,42639,Gautam Gambhir,Shahid Afridi,10.6,6.0,6.0,0.0,26.0,276.0,6.0,82.0,False,,
69,1,India,Pakistan,36084,43524,Yuvraj Singh,Umar Gul,11.1,0.0,1.0,1.0,0.0,0.0,0.0,83.0,False,,
70,1,India,Pakistan,36084,43524,Yuvraj Singh,Umar Gul,11.1,1.0,1.0,0.0,41.0,133.0,7.0,84.0,False,,
71,1,India,Pakistan,28763,43524,Gautam Gambhir,Umar Gul,11.2,0.0,0.0,0.0,240.0,149.0,2.0,84.0,False,,
72,1,India,Pakistan,28763,43524,Gautam Gambhir,Umar Gul,11.3,0.0,0.0,0.0,168.0,180.0,5.0,84.0,False,,
73,1,India,Pakistan,28763,43524,Gautam Gambhir,Umar Gul,11.4,0.0,0.0,0.0,173.0,178.0,5.0,84.0,False,,
74,1,India,Pakistan,28763,43524,Gautam Gambhir,Umar Gul,11.5,4.0,4.0,0.0,318.0,70.0,2.0,88.0,False,,
75,1,India,Pakistan,28763,43524,Gautam Gambhir,Umar Gul,11.6,1.0,1.0,0.0,324.0,170.0,3.0,89.0,False,,
76,1,India,Pakistan,28763,41434,Gautam Gambhir,Mohammad Hafeez,12.1,1.0,1.0,0.0,132.0,306.0,5.0,90.0,False,,
77,1,India,Pakistan,36084,41434,Yuvraj Singh,Mohammad Hafeez,12.2,1.0,1.0,0.0,111.0,216.0,6.0,91.0,False,,
78,1,India,Pakistan,28763,41434,Gautam Gambhir,Mohammad Hafeez,12.3,4.0,4.0,0.0,326.0,271.0,3.0,95.0,False,,
79,1,India,Pakistan,28763,41434,Gautam Gambhir,Mohammad Hafeez,12.4,1.0,1.0,0.0,237.0,307.0,4.0,96.0,False,,
80,1,India,Pakistan,36084,41434,Yuvraj Singh,Mohammad Hafeez,12.5,0.0,0.0,0.0,180.0,201.0,4.0,96.0,False,,
81,1,India,Pakistan,36084,41434,Yuvraj Singh,Mohammad Hafeez,12.6,2.0,2.0,0.0,334.0,166.0,3.0,98.0,False,,
82,1,India,Pakistan,28763,43524,Gautam Gambhir,Umar Gul,13.1,4.0,4.0,0.0,49.0,301.0,5.0,102.0,False,,
83,1,India,Pakistan,28763,43524,Gautam Gambhir,Umar Gul,13.2,1.0,1.0,0.0,327.0,242.0,3.0,103.0,False,,
84,1,India,Pakistan,36084,43524,Yuvraj Singh,Umar Gul,13.3,0.0,0.0,0.0,158.0,198.0,5.0,103.0,True,caught,36084
85,1,India,Pakistan,28763,43524,Gautam Gambhir,Umar Gul,13.4,1.0,1.0,0.0,102.0,218.0,6.0,104.0,False,,
86,1,India,Pakistan,28081,43524,MS Dhoni,Umar Gul,13.5,0.0,0.0,0.0,0.0,0.0,0.0,104.0,False,,
87,1,India,Pakistan,28081,43524,MS Dhoni,Umar Gul,13.6,1.0,1.0,0.0,222.0,333.0,4.0,105.0,False,,
88,1,India,Pakistan,28081,42639,MS Dhoni,Shahid Afridi,14.1,2.0,2.0,0.0,200.0,259.0,4.0,107.0,False,,
89,1,India,Pakistan,28081,42639,MS Dhoni,Shahid Afridi,14.2,0.0,0.0,0.0,138.0,201.0,6.0,107.0,False,,
90,1,India,Pakistan,28081,42639,MS Dhoni,Shahid Afridi,14.3,2.0,2.0,0.0,198.0,349.0,4.0,109.0,False,,
91,1,India,Pakistan,28081,42639,MS Dhoni,Shahid Afridi,14.4,0.0,0.0,0.0,0.0,0.0,0.0,109.0,False,,
92,1,India,Pakistan,28081,42639,MS Dhoni,Shahid Afridi,14.5,1.0,1.0,0.0,316.0,177.0,3.0,110.0,False,,
93,1,India,Pakistan,28763,42639,Gautam Gambhir,Shahid Afridi,14.6,0.0,0.0,0.0,217.0,179.0,3.0,110.0,False,,
94,1,India,Pakistan,28081,43524,MS Dhoni,Umar Gul,15.1,0.0,1.0,1.0,0.0,0.0,0.0,111.0,False,,
95,1,India,Pakistan,28081,43524,MS Dhoni,Umar Gul,15.1,0.0,0.0,0.0,0.0,0.0,0.0,111.0,False,,
96,1,India,Pakistan,28081,43524,MS Dhoni,Umar Gul,15.2,0.0,0.0,0.0,0.0,0.0,0.0,111.0,True,bowled,28081
97,1,India,Pakistan,34102,43524,Rohit Sharma,Umar Gul,15.3,1.0,1.0,0.0,77.0,78.0,7.0,112.0,False,,
98,1,India,Pakistan,28763,43524,Gautam Gambhir,Umar Gul,15.4,1.0,1.0,0.0,110.0,203.0,6.0,113.0,False,,
99,1,India,Pakistan,34102,43524,Rohit Sharma,Umar Gul,15.5,0.0,0.0,0.0,161.0,171.0,6.0,113.0,False,,
100,1,India,Pakistan,34102,43524,Rohit Sharma,Umar Gul,15.6,1.0,1.0,0.0,158.0,127.0,8.0,114.0,False,,
101,1,India,Pakistan,34102,43654,Rohit Sharma,Yasir Arafat,16.1,1.0,1.0,0.0,294.0,275.0,3.0,115.0,False,,
102,1,India,Pakistan,28763,43654,Gautam Gambhir,Yasir Arafat,16.2,2.0,2.0,0.0,328.0,106.0,2.0,117.0,False,,
103,1,India,Pakistan,28763,43654,Gautam Gambhir,Yasir Arafat,16.3,0.0,0.0,0.0,166.0,193.0,5.0,117.0,False,,
104,1,India,Pakistan,28763,43654,Gautam Gambhir,Yasir Arafat,16.4,1.0,1.0,0.0,347.0,161.0,2.0,118.0,False,,
105,1,India,Pakistan,34102,43654,Rohit Sharma,Yasir Arafat,16.5,1.0,1.0,0.0,315.0,126.0,2.0,119.0,False,,
106,1,India,Pakistan,28763,43654,Gautam Gambhir,Yasir Arafat,16.6,1.0,1.0,0.0,141.0,118.0,8.0,120.0,False,,
107,1,India,Pakistan,28763,43524,Gautam Gambhir,Umar Gul,17.1,1.0,1.0,0.0,235.0,238.0,4.0,121.0,False,,
108,1,India,Pakistan,34102,43524,Rohit Sharma,Umar Gul,17.2,1.0,1.0,0.0,132.0,39.0,8.0,122.0,False,,
109,1,India,Pakistan,28763,43524,Gautam Gambhir,Umar Gul,17.3,6.0,6.0,0.0,24.0,269.0,6.0,128.0,False,,
110,1,India,Pakistan,28763,43524,Gautam Gambhir,Umar Gul,17.4,1.0,1.0,0.0,86.0,216.0,6.0,129.0,False,,
111,1,India,Pakistan,34102,43524,Rohit Sharma,Umar Gul,17.5,1.0,1.0,0.0,39.0,254.0,6.0,130.0,False,,
112,1,India,Pakistan,28763,43524,Gautam Gambhir,Umar Gul,17.6,0.0,0.0,0.0,153.0,106.0,8.0,130.0,False,,
113,1,India,Pakistan,34102,43654,Rohit Sharma,Yasir Arafat,18.1,4.0,4.0,0.0,341.0,253.0,3.0,134.0,False,,
114,1,India,Pakistan,34102,43654,Rohit Sharma,Yasir Arafat,18.2,4.0,4.0,0.0,116.0,21.0,8.0,138.0,False,,
115,1,India,Pakistan,34102,43654,Rohit Sharma,Yasir Arafat,18.3,2.0,2.0,0.0,230.0,245.0,4.0,140.0,False,,
116,1,India,Pakistan,34102,43654,Rohit Sharma,Yasir Arafat,18.4,1.0,1.0,0.0,295.0,265.0,3.0,141.0,False,,
117,1,India,Pakistan,32685,43654,Irfan Pathan,Yasir Arafat,18.5,0.0,0.0,0.0,185.0,190.0,4.0,141.0,False,,
118,1,India,Pakistan,32685,43654,Irfan Pathan,Yasir Arafat,18.6,2.0,2.0,0.0,343.0,211.0,3.0,143.0,False,,
119,1,India,Pakistan,34102,43265,Rohit Sharma,Sohail Tanvir,19.1,2.0,2.0,0.0,45.0,233.0,6.0,145.0,False,,
120,1,India,Pakistan,34102,43265,Rohit Sharma,Sohail Tanvir,19.2,6.0,6.0,0.0,267.0,345.0,4.0,151.0,False,,
121,1,India,Pakistan,34102,43265,Rohit Sharma,Sohail Tanvir,19.3,1.0,1.0,0.0,235.0,315.0,4.0,152.0,False,,
122,1,India,Pakistan,32685,43265,Irfan Pathan,Sohail Tanvir,19.4,1.0,1.0,0.0,115.0,149.0,7.0,153.0,False,,
123,1,India,Pakistan,34102,43265,Rohit Sharma,Sohail Tanvir,19.5,2.0,2.0,0.0,126.0,89.0,8.0,155.0,False,,
124,1,India,Pakistan,34102,43265,Rohit Sharma,Sohail Tanvir,19.6,2.0,2.0,0.0,245.0,310.0,4.0,157.0,False,,
125,2,Pakistan,India,41434,35280,Mohammad Hafeez,RP Singh,0.1,1.0,1.0,0.0,44.0,111.0,7.0,1.0,False,,
126,2,Pakistan,India,40563,35280,Imran Nazir,RP Singh,0.2,0.0,0.0,0.0,112.0,204.0,6.0,1.0,False,,
127,2,Pakistan,India,40563,35280,Imran Nazir,RP Singh,0.3,1.0,1.0,0.0,63.0,86.0,7.0,2.0,False,,
128,2,Pakistan,India,41434,35280,Mohammad Hafeez,RP Singh,0.4,0.0,0.0,0.0,123.0,192.0,6.0,2.0,False,,
129,2,Pakistan,India,41434,35280,Mohammad Hafeez,RP Singh,0.5,0.0,0.0,0.0,161.0,115.0,8.0,2.0,True,caught,41434
130,2,Pakistan,India,41028,35280,Kamran Akmal,RP Singh,0.6,0.0,2.0,2.0,0.0,0.0,0.0,4.0,False,,
131,2,Pakistan,India,40563,34274,Imran Nazir,Sreesanth,1.1,4.0,4.0,0.0,14.0,124.0,7.0,8.0,False,,
132,2,Pakistan,India,40563,34274,Imran Nazir,Sreesanth,1.2,6.0,6.0,0.0,357.0,205.0,3.0,14.0,False,,
133,2,Pakistan,India,40563,34274,Imran Nazir,Sreesanth,1.3,6.0,6.0,0.0,13.0,106.0,7.0,20.0,False,,
134,2,Pakistan,India,40563,34274,Imran Nazir,Sreesanth,1.4,0.0,0.0,0.0,0.0,0.0,0.0,20.0,False,,
135,2,Pakistan,India,40563,34274,Imran Nazir,Sreesanth,1.5,4.0,4.0,0.0,15.0,159.0,7.0,24.0,False,,
136,2,Pakistan,India,40563,34274,Imran Nazir,Sreesanth,1.6,1.0,1.0,0.0,245.0,214.0,3.0,25.0,False,,
137,2,Pakistan,India,40563,35280,Imran Nazir,RP Singh,2.1,1.0,1.0,0.0,97.0,201.0,6.0,26.0,False,,
138,2,Pakistan,India,41028,35280,Kamran Akmal,RP Singh,2.2,0.0,0.0,0.0,185.0,196.0,4.0,26.0,False,,
139,2,Pakistan,India,41028,35280,Kamran Akmal,RP Singh,2.3,0.0,0.0,0.0,0.0,0.0,0.0,26.0,True,bowled,41028
140,2,Pakistan,India,43652,35280,Younis Khan,RP Singh,2.4,0.0,0.0,0.0,206.0,183.0,3.0,26.0,False,,
141,2,Pakistan,India,43652,35280,Younis Khan,RP Singh,2.5,1.0,1.0,0.0,68.0,89.0,7.0,27.0,False,,
142,2,Pakistan,India,40563,35280,Imran Nazir,RP Singh,2.6,4.0,4.0,0.0,245.0,25.0,1.0,31.0,False,,
143,2,Pakistan,India,43652,34274,Younis Khan,Sreesanth,3.1,0.0,0.0,0.0,0.0,0.0,0.0,31.0,False,,
144,2,Pakistan,India,43652,34274,Younis Khan,Sreesanth,3.2,0.0,0.0,0.0,109.0,149.0,7.0,31.0,False,,
145,2,Pakistan,India,43652,34274,Younis Khan,Sreesanth,3.3,0.0,0.0,0.0,0.0,0.0,0.0,31.0,False,,
146,2,Pakistan,India,43652,34274,Younis Khan,Sreesanth,3.4,0.0,0.0,0.0,0.0,0.0,0.0,31.0,False,,
147,2,Pakistan,India,43652,34274,Younis Khan,Sreesanth,3.5,0.0,0.0,0.0,0.0,0.0,0.0,31.0,False,,
148,2,Pakistan,India,43652,34274,Younis Khan,Sreesanth,3.6,0.0,0.0,0.0,198.0,257.0,4.0,31.0,False,,
149,2,Pakistan,India,40563,35280,Imran Nazir,RP Singh,4.1,1.0,1.0,0.0,30.0,121.0,7.0,32.0,False,,
150,2,Pakistan,India,43652,35280,Younis Khan,RP Singh,4.2,1.0,1.0,0.0,74.0,79.0,7.0,33.0,False,,
151,2,Pakistan,India,40563,35280,Imran Nazir,RP Singh,4.3,0.0,0.0,0.0,203.0,260.0,4.0,33.0,False,,
152,2,Pakistan,India,40563,35280,Imran Nazir,RP Singh,4.4,4.0,4.0,0.0,114.0,22.0,8.0,37.0,False,,
153,2,Pakistan,India,40563,35280,Imran Nazir,RP Singh,4.5,1.0,2.0,1.0,36.0,110.0,7.0,39.0,False,,
154,2,Pakistan,India,43652,35280,Younis Khan,RP Singh,4.5,4.0,4.0,0.0,343.0,258.0,3.0,43.0,False,,
155,2,Pakistan,India,43652,35280,Younis Khan,RP Singh,4.6,1.0,1.0,0.0,72.0,127.0,7.0,44.0,False,,
156,2,Pakistan,India,43652,34274,Younis Khan,Sreesanth,5.1,0.0,0.0,0.0,108.0,212.0,6.0,44.0,False,,
157,2,Pakistan,India,43652,34274,Younis Khan,Sreesanth,5.2,4.0,4.0,0.0,348.0,150.0,2.0,48.0,False,,
158,2,Pakistan,India,43652,34274,Younis Khan,Sreesanth,5.3,0.0,1.0,1.0,0.0,0.0,0.0,49.0,False,,
159,2,Pakistan,India,43652,34274,Younis Khan,Sreesanth,5.3,4.0,4.0,0.0,344.0,261.0,3.0,53.0,False,,
160,2,Pakistan,India,43652,34274,Younis Khan,Sreesanth,5.4,0.0,0.0,0.0,115.0,207.0,6.0,53.0,True,run out,40563
161,2,Pakistan,India,42657,34274,Shoaib Malik,Sreesanth,5.5,0.0,0.0,0.0,0.0,0.0,0.0,53.0,False,,
162,2,Pakistan,India,42657,34274,Shoaib Malik,Sreesanth,5.6,0.0,0.0,0.0,0.0,0.0,0.0,53.0,False,,
163,2,Pakistan,India,43652,29976,Younis Khan,Joginder Sharma,6.1,0.0,0.0,0.0,100.0,196.0,6.0,53.0,False,,
164,2,Pakistan,India,43652,29976,Younis Khan,Joginder Sharma,6.2,0.0,0.0,0.0,177.0,135.0,8.0,53.0,False,,
165,2,Pakistan,India,43652,29976,Younis Khan,Joginder Sharma,6.3,4.0,4.0,0.0,31.0,247.0,6.0,57.0,False,,
166,2,Pakistan,India,43652,29976,Younis Khan,Joginder Sharma,6.4,1.0,1.0,0.0,41.0,115.0,7.0,58.0,False,,
167,2,Pakistan,India,42657,29976,Shoaib Malik,Joginder Sharma,6.5,0.0,0.0,0.0,120.0,154.0,7.0,58.0,False,,
168,2,Pakistan,India,42657,29976,Shoaib Malik,Joginder Sharma,6.6,0.0,0.0,0.0,251.0,213.0,3.0,58.0,False,,
169,2,Pakistan,India,43652,32498,Younis Khan,Yusuf Pathan,7.1,1.0,1.0,0.0,279.0,275.0,4.0,59.0,False,,
170,2,Pakistan,India,42657,32498,Shoaib Malik,Yusuf Pathan,7.2,1.0,1.0,0.0,190.0,291.0,4.0,60.0,False,,
171,2,Pakistan,India,43652,32498,Younis Khan,Yusuf Pathan,7.3,1.0,1.0,0.0,270.0,305.0,4.0,61.0,False,,
172,2,Pakistan,India,42657,32498,Shoaib Malik,Yusuf Pathan,7.4,1.0,1.0,0.0,244.0,204.0,3.0,62.0,False,,
173,2,Pakistan,India,43652,32498,Younis Khan,Yusuf Pathan,7.5,1.0,1.0,0.0,334.0,144.0,2.0,63.0,False,,
174,2,Pakistan,India,42657,32498,Shoaib Malik,Yusuf Pathan,7.6,0.0,0.0,0.0,127.0,180.0,6.0,63.0,False,,
175,2,Pakistan,India,43652,29976,Younis Khan,Joginder Sharma,8.1,1.0,1.0,0.0,37.0,111.0,7.0,64.0,False,,
176,2,Pakistan,India,42657,29976,Shoaib Malik,Joginder Sharma,8.2,1.0,1.0,0.0,54.0,248.0,6.0,65.0,False,,
177,2,Pakistan,India,43652,29976,Younis Khan,Joginder Sharma,8.3,0.0,0.0,0.0,204.0,265.0,4.0,65.0,True,caught,43652
178,2,Pakistan,India,41378,29976,Misbah-ul-Haq,Joginder Sharma,8.4,0.0,0.0,0.0,0.0,0.0,0.0,65.0,False,,
179,2,Pakistan,India,41378,29976,Misbah-ul-Haq,Joginder Sharma,8.5,0.0,0.0,0.0,117.0,223.0,6.0,65.0,False,,
180,2,Pakistan,India,41378,29976,Misbah-ul-Haq,Joginder Sharma,8.6,0.0,0.0,0.0,97.0,156.0,7.0,65.0,False,,
181,2,Pakistan,India,42657,32685,Shoaib Malik,Irfan Pathan,9.1,1.0,1.0,0.0,329.0,208.0,3.0,66.0,False,,
182,2,Pakistan,India,41378,32685,Misbah-ul-Haq,Irfan Pathan,9.2,1.0,1.0,0.0,30.0,125.0,7.0,67.0,False,,
183,2,Pakistan,India,42657,32685,Shoaib Malik,Irfan Pathan,9.3,1.0,1.0,0.0,49.0,116.0,7.0,68.0,False,,
184,2,Pakistan,India,41378,32685,Misbah-ul-Haq,Irfan Pathan,9.4,0.0,0.0,0.0,185.0,201.0,4.0,68.0,False,,
185,2,Pakistan,India,41378,32685,Misbah-ul-Haq,Irfan Pathan,9.5,1.0,1.0,0.0,89.0,132.0,7.0,69.0,False,,
186,2,Pakistan,India,42657,32685,Shoaib Malik,Irfan Pathan,9.6,1.0,1.0,0.0,104.0,319.0,5.0,70.0,False,,
187,2,Pakistan,India,42657,29976,Shoaib Malik,Joginder Sharma,10.1,0.0,0.0,0.0,172.0,132.0,8.0,70.0,False,,
188,2,Pakistan,India,42657,29976,Shoaib Malik,Joginder Sharma,10.2,1.0,1.0,0.0,54.0,154.0,7.0,71.0,False,,
189,2,Pakistan,India,41378,29976,Misbah-ul-Haq,Joginder Sharma,10.3,2.0,2.0,0.0,296.0,194.0,3.0,73.0,False,,
190,2,Pakistan,India,41378,29976,Misbah-ul-Haq,Joginder Sharma,10.4,0.0,1.0,1.0,0.0,0.0,0.0,74.0,False,,
191,2,Pakistan,India,41378,29976,Misbah-ul-Haq,Joginder Sharma,10.4,0.0,0.0,0.0,0.0,0.0,0.0,74.0,False,,
192,2,Pakistan,India,41378,29976,Misbah-ul-Haq,Joginder Sharma,10.5,1.0,1.0,0.0,238.0,224.0,4.0,75.0,False,,
193,2,Pakistan,India,42657,29976,Shoaib Malik,Joginder Sharma,10.6,1.0,1.0,0.0,144.0,114.0,8.0,76.0,False,,
194,2,Pakistan,India,42657,32685,Shoaib Malik,Irfan Pathan,11.1,0.0,0.0,0.0,234.0,205.0,3.0,76.0,False,,
195,2,Pakistan,India,42657,32685,Shoaib Malik,Irfan Pathan,11.2,0.0,0.0,0.0,161.0,187.0,5.0,76.0,False,,
196,2,Pakistan,India,42657,32685,Shoaib Malik,Irfan Pathan,11.3,0.0,0.0,0.0,251.0,213.0,3.0,76.0,True,caught,42657
197,2,Pakistan,India,42639,32685,Shahid Afridi,Irfan Pathan,11.4,0.0,1.0,1.0,0.0,0.0,0.0,77.0,False,,
198,2,Pakistan,India,42639,32685,Shahid Afridi,Irfan Pathan,11.4,0.0,0.0,0.0,138.0,312.0,5.0,77.0,True,caught,42639
199,2,Pakistan,India,41378,32685,Misbah-ul-Haq,Irfan Pathan,11.5,0.0,0.0,0.0,235.0,148.0,2.0,77.0,False,,
200,2,Pakistan,India,41378,32685,Misbah-ul-Haq,Irfan Pathan,11.6,1.0,1.0,0.0,138.0,164.0,7.0,78.0,False,,
201,2,Pakistan,India,41378,29264,Misbah-ul-Haq,Harbhajan Singh,12.1,2.0,2.0,0.0,329.0,223.0,3.0,80.0,False,,
202,2,Pakistan,India,41378,29264,Misbah-ul-Haq,Harbhajan Singh,12.2,1.0,1.0,0.0,234.0,310.0,4.0,81.0,False,,
203,2,Pakistan,India,43654,29264,Yasir Arafat,Harbhajan Singh,12.3,1.0,1.0,0.0,145.0,117.0,8.0,82.0,False,,
204,2,Pakistan,India,41378,29264,Misbah-ul-Haq,Harbhajan Singh,12.4,1.0,1.0,0.0,253.0,285.0,4.0,83.0,False,,
205,2,Pakistan,India,43654,29264,Yasir Arafat,Harbhajan Singh,12.5,4.0,4.0,0.0,217.0,8.0,1.0,87.0,False,,
206,2,Pakistan,India,43654,29264,Yasir Arafat,Harbhajan Singh,12.6,1.0,1.0,0.0,62.0,212.0,6.0,88.0,False,,
207,2,Pakistan,India,43654,32685,Yasir Arafat,Irfan Pathan,13.1,1.0,1.0,0.0,37.0,156.0,7.0,89.0,False,,
208,2,Pakistan,India,41378,32685,Misbah-ul-Haq,Irfan Pathan,13.2,0.0,0.0,0.0,120.0,165.0,6.0,89.0,False,,
209,2,Pakistan,India,41378,32685,Misbah-ul-Haq,Irfan Pathan,13.3,1.0,1.0,0.0,124.0,166.0,6.0,90.0,False,,
210,2,Pakistan,India,43654,32685,Yasir Arafat,Irfan Pathan,13.4,0.0,0.0,0.0,0.0,0.0,0.0,90.0,False,,
211,2,Pakistan,India,43654,32685,Yasir Arafat,Irfan Pathan,13.5,1.0,1.0,0.0,244.0,217.0,3.0,91.0,False,,
212,2,Pakistan,India,41378,32685,Misbah-ul-Haq,Irfan Pathan,13.6,1.0,1.0,0.0,229.0,126.0,2.0,92.0,False,,
213,2,Pakistan,India,41378,29264,Misbah-ul-Haq,Harbhajan Singh,14.1,2.0,2.0,0.0,46.0,131.0,7.0,94.0,False,,
214,2,Pakistan,India,41378,29264,Misbah-ul-Haq,Harbhajan Singh,14.2,1.0,1.0,0.0,275.0,286.0,4.0,95.0,False,,
215,2,Pakistan,India,43654,29264,Yasir Arafat,Harbhajan Singh,14.3,1.0,1.0,0.0,118.0,208.0,6.0,96.0,False,,
216,2,Pakistan,India,41378,29264,Misbah-ul-Haq,Harbhajan Singh,14.4,0.0,0.0,0.0,243.0,217.0,3.0,96.0,False,,
217,2,Pakistan,India,41378,29264,Misbah-ul-Haq,Harbhajan Singh,14.5,1.0,1.0,0.0,328.0,238.0,3.0,97.0,False,,
218,2,Pakistan,India,43654,29264,Yasir Arafat,Harbhajan Singh,14.6,2.0,2.0,0.0,286.0,266.0,3.0,99.0,False,,
219,2,Pakistan,India,41378,32685,Misbah-ul-Haq,Irfan Pathan,15.1,0.0,0.0,0.0,185.0,191.0,4.0,99.0,False,,
220,2,Pakistan,India,41378,32685,Misbah-ul-Haq,Irfan Pathan,15.2,0.0,0.0,0.0,0.0,0.0,0.0,99.0,False,,
221,2,Pakistan,India,41378,32685,Misbah-ul-Haq,Irfan Pathan,15.3,1.0,1.0,0.0,119.0,160.0,7.0,100.0,False,,
222,2,Pakistan,India,43654,32685,Yasir Arafat,Irfan Pathan,15.4,4.0,4.0,0.0,181.0,357.0,4.0,104.0,False,,
223,2,Pakistan,India,43654,32685,Yasir Arafat,Irfan Pathan,15.5,0.0,0.0,0.0,0.0,0.0,0.0,104.0,False,,
224,2,Pakistan,India,43654,32685,Yasir Arafat,Irfan Pathan,15.6,0.0,0.0,0.0,0.0,0.0,0.0,104.0,True,bowled,43654
225,2,Pakistan,India,41378,29264,Misbah-ul-Haq,Harbhajan Singh,16.1,0.0,1.0,1.0,0.0,0.0,0.0,105.0,False,,
226,2,Pakistan,India,41378,29264,Misbah-ul-Haq,Harbhajan Singh,16.1,0.0,0.0,0.0,0.0,0.0,0.0,105.0,False,,
227,2,Pakistan,India,41378,29264,Misbah-ul-Haq,Harbhajan Singh,16.2,6.0,6.0,0.0,255.0,354.0,4.0,111.0,False,,
228,2,Pakistan,India,41378,29264,Misbah-ul-Haq,Harbhajan Singh,16.3,0.0,0.0,0.0,186.0,184.0,4.0,111.0,False,,
229,2,Pakistan,India,41378,29264,Misbah-ul-Haq,Harbhajan Singh,16.4,0.0,0.0,0.0,321.0,142.0,2.0,111.0,False,,
230,2,Pakistan,India,41378,29264,Misbah-ul-Haq,Harbhajan Singh,16.5,6.0,6.0,0.0,352.0,252.0,3.0,117.0,False,,
231,2,Pakistan,India,41378,29264,Misbah-ul-Haq,Harbhajan Singh,16.6,6.0,6.0,0.0,358.0,254.0,3.0,123.0,False,,
232,2,Pakistan,India,43265,34274,Sohail Tanvir,Sreesanth,17.1,6.0,6.0,0.0,61.0,339.0,5.0,129.0,False,,
233,2,Pakistan,India,43265,34274,Sohail Tanvir,Sreesanth,17.2,0.0,1.0,1.0,0.0,0.0,0.0,130.0,False,,
234,2,Pakistan,India,43265,34274,Sohail Tanvir,Sreesanth,17.2,0.0,1.0,1.0,0.0,0.0,0.0,131.0,False,,
235,2,Pakistan,India,41378,34274,Misbah-ul-Haq,Sreesanth,17.3,0.0,0.0,0.0,0.0,0.0,0.0,131.0,False,,
236,2,Pakistan,India,41378,34274,Misbah-ul-Haq,Sreesanth,17.4,1.0,1.0,0.0,253.0,163.0,2.0,132.0,False,,
237,2,Pakistan,India,43265,34274,Sohail Tanvir,Sreesanth,17.5,6.0,6.0,0.0,1.0,142.0,7.0,138.0,False,,
238,2,Pakistan,India,43265,34274,Sohail Tanvir,Sreesanth,17.6,0.0,0.0,0.0,0.0,0.0,0.0,138.0,True,bowled,43265
239,2,Pakistan,India,41378,35280,Misbah-ul-Haq,RP Singh,18.1,1.0,1.0,0.0,114.0,61.0,8.0,139.0,False,,
240,2,Pakistan,India,43524,35280,Umar Gul,RP Singh,18.2,0.0,1.0,1.0,0.0,0.0,0.0,140.0,False,,
241,2,Pakistan,India,41378,35280,Misbah-ul-Haq,RP Singh,18.3,0.0,0.0,0.0,0.0,0.0,0.0,140.0,False,,
242,2,Pakistan,India,41378,35280,Misbah-ul-Haq,RP Singh,18.4,0.0,1.0,1.0,0.0,0.0,0.0,141.0,False,,
243,2,Pakistan,India,43524,35280,Umar Gul,RP Singh,18.5,0.0,0.0,0.0,0.0,0.0,0.0,141.0,True,bowled,43524
244,2,Pakistan,India,41411,35280,Mohammad Asif,RP Singh,18.6,4.0,4.0,0.0,228.0,12.0,1.0,145.0,False,,
245,2,Pakistan,India,41378,29976,Misbah-ul-Haq,Joginder Sharma,19.1,0.0,1.0,1.0,0.0,0.0,0.0,146.0,False,,
246,2,Pakistan,India,41378,29976,Misbah-ul-Haq,Joginder Sharma,19.1,0.0,0.0,0.0,0.0,0.0,0.0,146.0,False,,
247,2,Pakistan,India,41378,29976,Misbah-ul-Haq,Joginder Sharma,19.2,6.0,6.0,0.0,125.0,356.0,5.0,152.0,False,,
248,2,Pakistan,India,41378,29976,Misbah-ul-Haq,Joginder Sharma,19.3,0.0,0.0,0.0,216.0,92.0,1.0,152.0,True,caught,41378
